,F-statistic,p-value,Decision,t-statistic
F-Test,0.530162310029158,0.4670795307965153,Fail to Reject H0,
t-Test,,2.2688287255787327e-05,Reject H0,4.269995376558279
